district_id,district_name,district_name_kn,unit_type,division,hq_city,centroid_latitude,centroid_longitude,source_polygon_name,is_active,review_note
BGD,Belagavi District,ಬೆಳಗಾವಿ,District,Belagavi,Belagavi,16.12198,74.823085,Belagavi,False,"range=geographic approximation, not official KSP map; verify"
BGK,Bagalkote,ಬಾಗಲಕೋಟೆ,District,Belagavi,Bagalkote,16.221154,75.624764,Bagalkote,False,"range=geographic approximation, not official KSP map; verify"
VJP,Vijayapura,ವಿಜಯಪುರ,District,Belagavi,Vijayapura,16.795235,75.952678,Vijayapura,False,"range=geographic approximation, not official KSP map; verify"
KLD,Kalaburagi District,ಕಲಬುರಗಿ,District,Northern,Kalaburagi,17.260601,76.868956,Kalaburgi,False,"range=geographic approximation, not official KSP map; verify"
BDR,Bidar,ಬೀದರ,District,Northern,Bidar,17.952439,77.224883,Bidar,False,"range=geographic approximation, not official KSP map; verify"
RCH,Raichur,ರಾಯಚೂರು,District,Ballari,Raichur,16.09106,76.893221,Raichur,True,"range=geographic approximation, not official KSP map; verify"
KPL,Koppal,ಕೊಪ್ಪಳ,District,Ballari,Koppal,15.562138,76.221557,Koppal,False,"range=geographic approximation, not official KSP map; verify"
GDG,Gadag,ಗದಗ,District,Western,Gadag,15.431312,75.665159,Gadag,False,"range=geographic approximation, not official KSP map; verify"
DWD,Dharwad District,ಧಾರವಾಡ,District,Western,Dharwad,15.390151,75.152324,Dharwad,False,"range=geographic approximation, not official KSP map; verify"
UTK,Uttara Kannada,ಉತ್ತರ ಕನ್ನಡ,District,Western,Uttara Kannada,14.792031,74.619302,Uttara Kannada,False,"range=geographic approximation, not official KSP map; verify"
HVR,Haveri,ಹಾವೇರಿ,District,Western,Haveri,14.738949,75.416461,Haveri,False,"range=geographic approximation, not official KSP map; verify"
BLL,Ballari District,ಬಳ್ಳಾರಿ,District,Ballari,Ballari,15.266106,76.808952,Ballari,False,"range=geographic approximation, not official KSP map; verify"
CTD,Chitradurga,ಚಿತ್ರದುರ್ಗ,District,Ballari,Chitradurga,14.16842,76.515117,Chitradurga,False,"range=geographic approximation, not official KSP map; verify"
DVG,Davanagere,ದಾವಣಗೆರೆ,District,Western,Davanagere,14.308657,75.945262,Davanagere,False,"range=geographic approximation, not official KSP map; verify"
SMG,Shivamogga,ಶಿವಮೊಗ್ಗ,District,Western,Shivamogga,14.043367,75.220892,Shivamogga,False,"range=geographic approximation, not official KSP map; verify"
UDP,Udupi,ಉಡುಪಿ,District,Southern,Udupi,13.497684,74.8724,Udupi,False,"range=geographic approximation, not official KSP map; verify"
CKM,Chikkamagaluru,ಚಿಕ್ಕಮಗಳೂರು,District,Southern,Chikkamagaluru,13.454006,75.689774,Chikkamagaluru,True,"range=geographic approximation, not official KSP map; verify"
TMK,Tumakuru,ತುಮಕೂರು,District,Eastern,Tumakuru,13.521573,76.946404,Tumakuru,True,"range=geographic approximation, not official KSP map; verify"
KLR,Kolar,ಕೋಲಾರ,District,Eastern,Kolar,13.13958,78.217819,Kolara,False,"range=geographic approximation, not official KSP map; verify"
BLU,Bengaluru (Urban) District,ಬೆಂಗಳೂರು ನಗರ,District,Central,Bengaluru (Urban),12.951475,77.593949,Bengaluru (Urban),False,"range=geographic approximation, not official KSP map; verify"
BLD,Bengaluru District,ಬೆಂಗಳೂರು ಗ್ರಾಮಾಂತರ,District,Central,Bengaluru,13.227159,77.573848,Bengaluru (Rural),False,"range=geographic approximation, not official KSP map; verify"
MDY,Mandya District,ಮಂಡ್ಯ,District,Southern,Mandya,12.611444,76.797968,Mandya,True,"range=geographic approximation, not official KSP map; verify"
HSN,Hassan,ಹಾಸನ,District,Southern,Hassan,12.996466,76.107756,Hassan,False,"range=geographic approximation, not official KSP map; verify"
DKD,Dakshina Kannada District,ದಕ್ಷಿಣ ಕನ್ನಡ,District,Southern,Dakshina Kannada,12.852295,75.250794,Dakshina Kannada,False,"range=geographic approximation, not official KSP map; verify"
KDG,Kodagu,ಕೊಡಗು,District,Southern,Kodagu,12.3254,75.802291,Kodagu,True,"range=geographic approximation, not official KSP map; verify"
MYD,Mysuru District,ಮೈಸೂರು,District,Southern,Mysuru,12.210666,76.440744,Mysuru,False,"range=geographic approximation, not official KSP map; verify"
CHN,Chamarajanagara,ಚಾಮರಾಜನಗರ,District,Southern,Chamarajanagara,11.95746,77.095961,Chamarajanagara,False,"range=geographic approximation, not official KSP map; verify"
CKB,Chikkaballapura,ಚಿಕ್ಕಬಳ್ಳಾಪುರ,District,Eastern,Chikkaballapura,13.577982,77.835286,Chikkaballapura,False,"range=geographic approximation, not official KSP map; verify"
BLS,Bengaluru South District,ಬೆಂಗಳೂರು ದಕ್ಷಿಣ,District,Central,Bengaluru South,12.677825,77.335635,Bengaluru South,False,"range=geographic approximation, not official KSP map; verify"
YDG,Yadgir,ಯಾದಗಿರಿ,District,Ballari,Yadgir,16.626638,76.912486,Yadgir,False,"range=geographic approximation, not official KSP map; verify"
VJN,Vijayanagara,ವಿಜಯನಗರ,District,Ballari,Vijayanagara,14.895702,76.187981,Vijayanagara,False,"range=geographic approximation, not official KSP map; verify"
BLR,Bengaluru City,ಬೆಂಗಳೂರು ನಗರ ಪೊಲೀಸ್,Commissionerate,Central,Bengaluru,12.9716,77.5946,Bengaluru (Urban),True,"centroid=public-knowledge city-centre coords, not polygon-derived; shares parent district's admin_boundaries polygon (no true carve-out geometry, per §4.2)"
MYS,Mysuru City,ಮೈಸೂರು ನಗರ ಪೊಲೀಸ್,Commissionerate,Southern,Mysuru,12.2958,76.6394,Mysuru,True,"centroid=public-knowledge city-centre coords, not polygon-derived; shares parent district's admin_boundaries polygon (no true carve-out geometry, per §4.2)"
MNG,Mangaluru City,ಮಂಗಳೂರು ನಗರ ಪೊಲೀಸ್,Commissionerate,Southern,Mangaluru,12.9141,74.856,Dakshina Kannada,True,"centroid=public-knowledge city-centre coords, not polygon-derived; shares parent district's admin_boundaries polygon (no true carve-out geometry, per §4.2)"
HBL,Hubballi-Dharwad City,ಹುಬ್ಬಳ್ಳಿ-ಧಾರವಾಡ ನಗರ ಪೊಲೀಸ್,Commissionerate,Western,Hubballi,15.3647,75.124,Dharwad,True,"centroid=public-knowledge city-centre coords, not polygon-derived; shares parent district's admin_boundaries polygon (no true carve-out geometry, per §4.2)"
BGV,Belagavi City,ಬೆಳಗಾವಿ ನಗರ ಪೊಲೀಸ್,Commissionerate,Belagavi,Belagavi,15.8497,74.4977,Belagavi,True,"centroid=public-knowledge city-centre coords, not polygon-derived; shares parent district's admin_boundaries polygon (no true carve-out geometry, per §4.2)"
KLB,Kalaburagi City,ಕಲಬುರಗಿ ನಗರ ಪೊಲೀಸ್,Commissionerate,Northern,Kalaburagi,17.3297,76.8343,Kalaburgi,False,"centroid=public-knowledge city-centre coords, not polygon-derived; shares parent district's admin_boundaries polygon (no true carve-out geometry, per §4.2)"
